{"cameraMode":{"drawMode":0,"name":"Shaded","section":"Shading Mode"},"sceneLighting":true,"audioPlay":false,"sceneViewState":{"m_AlwaysRefresh":false,"showFog":true,"showSkybox":true,"showFlares":true,"showImageEffects":true,"showParticleSystems":true,"showVisualEffectGraphs":true,"m_FxEnabled":true},"in2DMode":false,"pivot":{"x":-2.0020480155944826,"y":2.0793793201446535,"z":-0.00012683868408203125},"rotation":{"x":-0.04524321109056473,"y":-0.04733651503920555,"z":0.00214633671566844,"w":-0.9978530406951904},"size":1.0861742496490479,"orthographic":false}